<?xml version="1.0" encoding="UTF-8"?>
<beans xmlns="http://www.springframework.org/schema/beans"
	xmlns:xsi="http://www.w3.org/2001/XMLSchema-instance" 
	xmlns:context="http://www.springframework.org/schema/context"
    xmlns:tx="http://www.springframework.org/schema/tx"
	xmlns:mvc="http://www.springframework.org/schema/mvc"
	xsi:schemaLocation="
		http://www.springframework.org/schema/beans
		http://www.springframework.org/schema/beans/spring-beans.xsd
		http://www.springframework.org/schema/context
		http://www.springframework.org/schema/context/spring-context.xsd
		http://www.springframework.org/schema/mvc
		http://www.springframework.org/schema/mvc/spring-mvc.xsd
		http://www.springframework.org/schema/tx 
		http://www.springframework.org/schema/tx/spring-tx.xsd">

	<!-- Add support for component scanning -->
	<context:component-scan base-package="com.dream.spring" />

	<!-- Load property files -->
	<bean id="placeholderConfig"
		class="org.springframework.beans.factory.config.PropertyPlaceholderConfigurer">
		<property name="locations">
			<list>
				<value>classpath:db.properties</value>
				<value>classpath:log4j.properties</value>
			</list>
		</property>
	</bean>

	<!-- Add support for conversion, formatting and validation support -->
	<mvc:annotation-driven/>

	<!-- Define Spring MVC view resolver -->
	<bean
		class="org.springframework.web.servlet.view.InternalResourceViewResolver">
		<property name="prefix" value="/WEB-INF/view/" />
		<property name="suffix" value=".jsp" />
	</bean>

    <!-- Step 1: Define Database DataSource / connection pool -->
	<bean id="myDataSource" class="com.mchange.v2.c3p0.ComboPooledDataSource"
          destroy-method="close">
        <property name="driverClass" value="${driverClassName}" />
		<property name="jdbcUrl" value="${url}" />
		<property name="user" value="${username}" />
		<property name="password" value="${password}" />

        <!-- these are connection pool properties for C3P0 -->
		<property name="initialPoolSize" value="5"/>
        <property name="minPoolSize" value="5" />
        <property name="maxPoolSize" value="20" />
        <property name="maxIdleTime" value="30000" />
	</bean>  
	
    <!-- Step 2: Setup Hibernate session factory -->
	<bean id="sessionFactory"
		class="org.springframework.orm.hibernate5.LocalSessionFactoryBean">
		<property name="dataSource" ref="myDataSource" />
		<property name="packagesToScan" value="com.dream.spring.entity" />
		<property name="hibernateProperties">
		   <props>
		      <prop key="hibernate.dialect">org.hibernate.dialect.MySQLDialect</prop>
		      <prop key="hibernate.show_sql">true</prop>
		   </props>
		</property>
   </bean>	  

    <!-- Step 3: Setup Hibernate transaction manager -->
	<bean id="myTransactionManager"
            class="org.springframework.orm.hibernate5.HibernateTransactionManager">
        <property name="sessionFactory" ref="sessionFactory"/>
    </bean>
    
    <!-- Step 4: Enable configuration of transactional behavior based on annotations -->
	<tx:annotation-driven transaction-manager="myTransactionManager" />

	<!-- Add support for reading web resources: css, images, js, etc ... -->
	<mvc:resources mapping="/resources/**" location="/WEB-INF/resources/"></mvc:resources>
	 
<bean id="validator" class="org.springframework.validation.beanvalidation.LocalValidatorFactoryBean"/>
	 
	
</beans>











